#{"t_start": 1735641528.0849004, "env_id": "None"}
r,l,t
0.0,190,9.292754
0.0,44,10.213785
0.003552,40,11.098224
0.0,52,12.13014
0.0,55,13.170853
0.0,66,14.334608
0.0,482,21.833519
0.0,110,23.493179
0.0,58,24.588887
0.0,53,25.608874
0.003837,50,26.597586
0.0,49,27.570546
0.0,405,34.45442
0.0,150,36.642668
0.0,54,37.692091
0.0,49,38.672375
0.0,51,39.723197
0.005257,355,44.512382
0.0,61,46.196271
0.0,53,47.853418
0.024832,234,51.030248
0.0,51,52.013392
0.002377,46,52.948616
0.0,46,53.886882
0.0,57,54.957074
0.0,143,56.971074
0.0,74,58.410789
0.0,49,59.921219
0.0,65,61.818539
0.0,62,63.071827
0.02578,559,69.849124
0.0,55,70.936251
0.052048,219,74.784676
0.0,112,77.145028
0.0,52,78.142936
0.0,53,79.161796
0.724452,579,86.220632
0.0,61,87.833719
0.0,47,89.313711
0.060609,396,94.863143
0.0,55,95.936272
0.0,47,96.900282
0.0,55,97.948567
0.0,134,99.883465
0.0,245,104.374384
0.0,43,105.582229
0.0,231,108.634519
0.0,54,109.652638
0.0,48,110.619406
0.0,49,111.609365
0.0,48,112.591546
0.0,45,113.521204
0.0,52,114.550753
0.0,60,115.973697
0.0,223,120.551425
0.0,93,122.23474
0.0,179,124.663904
0.0,363,129.28517
0.0,53,130.690826
0.0,178,134.379449
0.0,44,135.296719
0.0,52,136.344728
0.003452,416,141.465009
0.0,47,142.434385
0.0,41,143.324009
0.0,51,144.486697
0.0,327,150.164612
0.0,57,151.235158
0.078934,103,152.809411
0.0,56,153.873939
0.0,127,155.703699
0.0,167,158.173042
0.0,49,159.454895
0.010049,243,163.883015
0.0,102,165.448018
0.0,49,166.446374
0.0,43,167.403556
0.0,51,168.43647
0.0,60,169.533736
0.0,66,170.704144
0.0,44,171.625261
0.0,57,172.682628
0.0,48,174.125282
0.0,430,185.403736
5.251782,349,195.174469
4.652661,209,200.477719
2.900214,229,207.4131
10.238413,550,221.842409
0.485426,184,226.448453
2.11991,225,233.47269
3.157279,257,239.888142
2.205126,508,253.19567
0.186383,194,258.331657
0.056699,225,265.100747
1.555271,214,270.464657
1.090686,221,277.230915
2.092624,312,284.792918
0.024518,138,289.527636
2.397366,232,295.565314
1.061072,229,301.663412
9.043026,691,320.018179
11.653343,688,337.513858
4.064247,238,343.621189
4.750366,546,357.85178
4.268962,581,373.189618
2.978658,317,381.582418
2.555471,380,392.112834
3.480069,456,404.339131
0.292951,342,412.520975
3.575566,387,423.225295
1.77936,227,429.258278
2.84866,414,440.110593
3.98381,776,461.042076
1.83988,188,465.708976
3.791159,386,476.379693
1.558176,238,482.231911
3.125031,268,490.006919
3.643698,197,494.993619
5.48907,383,505.529828
0.509657,294,512.540127
3.106339,344,522.101151
1.263956,254,528.705538
2.320896,288,536.592221
3.913657,601,552.153374
2.435921,318,561.033655
1.855227,151,564.823446
1.612015,281,572.391488
2.343624,263,579.172659
1.06966,298,587.582559
0.294126,207,592.692924
0.912714,364,602.661154
0.019704,144,606.339195
0.264339,263,613.207597
0.010864,219,619.22245
2.494373,335,628.21502
0.025779,150,632.33098
0.068189,341,641.229389
4.239911,439,652.289778
3.211837,355,662.117199
4.064329,505,675.314956
2.696521,267,682.02385
2.549615,255,689.467197
3.324729,210,694.689845
2.34502,341,704.347456
2.446758,330,713.297281
3.841689,258,719.984714
3.977863,516,733.522363
2.468904,544,747.714021
4.947043,210,753.085912
4.906427,418,764.307179
3.080708,194,770.470253
5.298657,320,778.326412
5.996877,406,789.287255
1.997703,190,794.072803
1.790686,222,800.991942
12.215517,615,816.902059
5.092208,594,832.262877
0.356925,398,843.036331
0.445484,221,848.5713
0.181794,283,857.00426
1.171936,238,862.786568
1.502818,234,869.818868
1.196996,173,874.19097
0.584084,422,885.564907
1.658905,318,893.239395
1.965837,240,900.389965
2.480607,491,913.290079
3.737225,344,921.575435
1.909036,470,934.097372
0.703849,361,944.158535
1.341255,199,949.158635
4.53301,439,961.03212
1.7492,853,983.630776
4.353522,504,996.355983
3.778433,360,1005.631586
2.154149,294,1014.146969
4.237486,354,1022.894047
2.466115,493,1035.580336
2.607784,304,1044.360428
4.332842,223,1049.855466
3.573467,237,1057.123272
3.793173,610,1072.979542
4.531311,386,1083.486905
4.759014,370,1092.293708
4.834208,242,1099.804987
2.184953,315,1107.625949
4.754376,330,1116.799681
3.709931,301,1125.672665
4.740637,272,1132.262947
4.748803,386,1142.830542
8.863853,663,1159.921265
4.902892,284,1168.330534
1.55523,335,1176.456407
9.116626,803,1197.994955
4.49055,224,1203.596987
4.23335,220,1210.094226
3.36468,296,1217.467051
5.70527,371,1227.67257
4.224979,193,1232.424845
13.188345,604,1247.970982
4.490225,224,1254.857511
4.089302,183,1259.585251
4.409339,179,1264.591616
12.675284,784,1285.170834
9.873826,564,1299.855164
5.257019,398,1310.690732
4.730976,441,1321.786788
3.686651,167,1326.842463
4.04859,493,1339.939005
5.611461,492,1352.973482
3.17447,352,1361.498796
3.633857,393,1372.364377
3.057768,168,1376.57918
10.477798,721,1396.257553
7.540771,756,1415.271591
5.01895,259,1422.704225
2.649754,248,1429.150135
2.893505,198,1434.379823
3.254651,411,1445.358319
3.899999,274,1453.340995
10.828869,677,1470.697859
2.423037,252,1477.312539
2.936018,452,1489.273713
2.591249,219,1496.067963
4.671775,424,1506.753883
2.26827,163,1511.721733
2.583285,212,1517.044603
2.644483,581,1532.051559
3.94747,378,1542.538599
2.370894,188,1547.347063
4.572959,462,1559.700268
2.379616,317,1568.727602
2.806201,240,1574.683672
2.017648,221,1581.61611
3.813193,298,1588.868845
4.651269,233,1595.8425
1.995008,346,1604.335988
3.27518,185,1610.446166
3.980549,312,1617.97344
5.547212,307,1626.813626
4.563106,499,1640.061547
4.209201,342,1648.85516
5.165474,329,1657.650369
4.422889,271,1665.735636
4.655244,269,1672.320946
5.014482,393,1682.947317
6.059987,251,1689.068568
5.04494,276,1697.208792
7.046564,389,1707.655082
4.580977,398,1717.269393
4.453355,335,1726.819512
4.952321,311,1735.231868
4.849938,230,1741.373908
5.015591,198,1746.354905
4.789232,233,1753.443182
11.637474,676,1770.499808
4.503557,315,1779.54099
5.197832,288,1786.721709
5.264885,600,1802.189705
4.337418,344,1811.87078
13.182574,611,1827.695471
13.575269,510,1841.098457
5.841963,205,1846.313009
4.480239,188,1852.304408
4.453579,186,1857.021365
4.365688,284,1865.228129
5.378574,250,1871.376152
5.501224,231,1878.388208
3.607522,174,1882.833839
0.732238,467,1895.221821
3.678432,283,1902.157465
1.340572,359,1912.169891
3.605364,198,1917.121738
0.750659,425,1928.614746
3.779008,281,1936.744045
0.690316,231,1942.447802
4.271472,374,1952.763907
12.659575,587,1968.013385
5.103547,291,1975.663026
4.982546,210,1981.835017
12.504106,749,2001.004597
11.582709,610,2016.756425
5.936777,259,2024.407302
4.037949,200,2029.378145
5.085779,203,2035.80354
5.073142,278,2042.686496
5.325583,237,2049.757918
4.773469,236,2055.66869
14.814503,545,2069.893615
5.213601,196,2075.50983
7.629543,438,2086.572142
6.378007,392,2097.49858
6.768053,359,2107.621919
4.866329,214,2113.138496
16.38022,581,2129.584316
15.411549,503,2144.011246
16.916934,692,2162.688428
5.219854,403,2172.677239
11.570575,576,2187.633389
13.121155,574,2202.798091
14.730674,539,2216.844673
13.669057,564,2231.689952
14.12482,568,2246.715484
13.748198,618,2263.276899
4.475604,533,2277.426672
8.17015,523,2290.84104
12.584921,561,2305.616728
13.755869,639,2321.968469
10.009035,532,2335.888379
1.71061,453,2347.958073
3.938043,362,2356.59023
11.257565,545,2370.862291
9.38739,557,2385.3583
9.068945,581,2400.466609
2.728681,185,2406.535216
9.144269,495,2419.722872
1.652951,378,2428.752315
10.470887,724,2448.401764
3.235705,266,2454.95342
10.168262,685,2472.463558
11.775465,577,2487.729138
2.12105,312,2496.040714
5.896842,201,2501.566307
6.166879,403,2512.048295
3.875712,207,2518.621149
3.947312,283,2525.454087
13.266465,620,2541.2534
13.611641,501,2554.334344
14.077983,555,2568.887836
5.464527,355,2578.949021
6.51555,419,2590.265779
4.478614,305,2597.638864
14.835527,566,2612.326429
11.203634,535,2626.298724
5.414905,368,2636.584054
8.351465,383,2647.003749
5.663304,557,2661.655486
6.102274,280,2668.441325
14.214413,656,2685.597872
10.568628,704,2704.612862
5.870366,358,2713.571719
4.157569,252,2720.982073
4.876769,214,2726.454079
8.702266,383,2737.02767
5.796968,349,2746.942556
14.353273,540,2761.090523
10.561312,629,2777.078704
15.05055,673,2794.201685
14.529154,524,2807.9228
16.801528,525,2821.726152
12.479642,637,2837.903223
2.919801,344,2847.563936
11.709003,661,2864.44838
6.23814,256,2871.551635
4.934093,320,2879.851382
8.524988,745,2899.326499
14.630608,680,2917.470079
4.586924,325,2925.363544
14.128153,576,2940.335495
4.1572,237,2947.504135
5.294346,275,2954.13733
12.932015,558,2968.777483
0.337259,163,2974.162247
5.257879,196,2979.124496
5.688058,249,2986.379895
4.672936,220,2992.160846
4.742797,175,2996.645821
13.264596,556,3011.12829
15.8502,507,3024.669072
12.390288,614,3040.9911
12.699986,530,3054.884396
7.677307,533,3068.768266
11.776895,740,3088.693058
13.916132,615,3104.592633
13.856313,658,3121.408466
14.568993,503,3134.701741
5.659913,317,3143.817318
4.766577,188,3148.467976
15.431841,541,3162.582205
15.407493,505,3176.102881
16.416719,556,3190.650657
14.02351,482,3203.462674
5.93523,299,3210.915857
14.183463,541,3225.0021
13.781623,524,3238.692151
5.204366,254,3246.239424
4.928851,222,3251.755845
16.993257,478,3264.258028
15.837216,507,3277.568997
15.204814,631,3293.833489
4.086101,292,3302.377392
4.801984,323,3310.426112
4.581453,268,3318.025051
5.689765,250,3324.484189
15.645982,553,3339.08676
17.312754,540,3353.365953
15.803676,570,3368.295289
17.754426,530,3382.06513
4.639256,289,3390.001755
5.353271,267,3397.136986
4.568307,203,3402.891566
16.142322,554,3417.299031
13.016398,651,3433.896302
14.739613,598,3449.28578
5.95199,218,3456.154094
14.494743,578,3471.47978
15.2828,547,3486.73282
17.893722,508,3500.831005
17.133442,529,3515.390019
13.442419,586,3531.204104
16.337861,538,3545.76653
16.114854,548,3560.325228
14.204095,620,3576.673997
14.708929,559,3591.53242
11.566241,485,3604.733237
6.296369,253,3612.026827
18.141156,481,3624.500131
16.949212,646,3642.402921
11.177555,643,3659.390957
9.412605,630,3675.711494
14.308879,575,3690.926589
7.825192,366,3701.2334
6.080827,593,3716.919869
16.0692,645,3733.71479
15.204181,695,3751.867695
5.361355,335,3761.740667
8.856762,375,3772.729633
13.230273,669,3790.588859
4.450353,207,3796.181028
5.579437,209,3802.752157
5.324786,278,3809.853933
6.192611,304,3818.693987
12.205897,520,3832.477019
15.010217,553,3847.187311
15.292916,574,3862.306752
14.92447,726,3880.889202
4.952398,165,3886.518591
5.340942,192,3891.474794
14.920871,529,3905.60063
14.965585,571,3920.705203
5.749282,195,3926.376852
5.301591,199,3932.116968
5.627091,188,3936.844949
5.437881,187,3943.052088
5.217453,192,3947.967982
5.751697,179,3952.680921
17.745945,527,3966.838791
4.801554,236,3974.086321
5.328968,199,3979.152653
4.20013,186,3985.354749
4.944467,251,3991.614973
6.434726,271,3999.620402
17.069574,553,4014.350522
15.539892,571,4029.288036
16.181298,563,4044.155261
13.610477,499,4057.606786
15.800448,555,4072.536098
4.190814,247,4078.904518
15.348975,500,4092.465351
16.013491,530,4106.664671
17.125134,544,4121.183667
5.085576,207,4127.547671
5.364065,206,4132.924881
15.239975,530,4147.098828
5.133691,204,4152.337718
5.961981,186,4158.463675
5.484385,186,4163.265515
14.330685,582,4178.507908
16.034709,481,4191.437179
14.966155,663,4208.581576
18.088024,545,4223.025284
17.242199,498,4236.340858
13.527918,558,4250.990145
17.1958,521,4265.142065
16.402079,517,4279.066527
17.304292,495,4292.218874
9.631407,770,4313.150019
14.106258,614,4329.310259
42.914482,1501,4367.414743
5.549813,319,4376.283859
14.017284,572,4391.409063
4.729736,338,4401.108565
14.136752,476,4414.017584
16.537938,516,4427.757689
18.19406,497,4440.884301
5.506134,185,4446.009364
4.925784,199,4451.077334
15.473684,536,4465.295689
12.92779,529,4479.27771
15.467267,587,4494.809148
15.385268,517,4508.647018
4.95201,234,4515.956717
13.818194,564,4530.737169
15.63658,477,4543.668195
16.878429,500,4557.065473
14.825155,545,4571.531197
17.377685,566,4586.747147
5.018658,201,4591.838443
5.670375,355,4601.989991
5.05735,299,4609.664556
5.283634,170,4615.292249
5.05439,346,4623.961204
15.231963,596,4640.141282
16.29511,643,4657.508979
5.842673,317,4665.223504
16.718892,553,4679.86475
16.136423,515,4693.674187
5.261911,178,4699.690887
12.770985,568,4714.801033
5.877485,180,4719.48346
4.737281,404,4730.717849
5.277718,167,4735.014917
10.248788,646,4751.816143
5.067398,197,4758.107988
17.544721,551,4772.730853
5.213426,341,4781.180676
4.599463,233,4788.272922
5.106096,190,4793.179922
15.218224,488,4806.304817
16.947176,502,4819.607482
15.70938,568,4834.672816
18.014388,505,4848.093691
16.921537,526,4861.994471
17.816097,549,4876.627438
16.144986,562,4891.590659
18.74274,536,4905.884264
5.046005,305,4914.694507
4.474899,185,4919.484505
16.624519,571,4934.418859
14.260239,559,4949.261131
5.307733,188,4955.168591
17.597459,734,4974.643449
13.182073,668,4991.991936
16.719833,530,5006.108401
15.493742,614,5022.239629
17.196337,572,5037.192284
16.899418,754,5057.843546
6.374598,259,5064.302812
17.133168,522,5078.133597
4.990013,245,5085.673393
17.003311,552,5100.318667
17.488485,551,5114.902493
18.200427,663,5132.008781
17.837905,525,5145.8893
14.383143,686,5163.444135
16.064424,512,5177.248562
5.426777,278,5185.379354
17.613042,568,5200.583267
17.890572,583,5215.878565
19.235972,526,5229.85391
19.014002,694,5247.714879
18.02257,575,5262.850771
17.704695,712,5281.596569
16.976461,651,5299.561363
17.575335,553,5314.180342
16.481576,617,5330.234689
18.371502,649,5347.12709
13.521361,644,5364.085682
5.443214,330,5373.510347
17.530828,529,5387.612863
16.811535,576,5402.776958
18.391648,521,5416.683082
17.594616,504,5430.169975
14.646326,601,5445.835941
16.129348,560,5460.580914
17.313949,589,5475.901174
19.599063,489,5489.077746
15.592945,486,5502.149283
18.80679,484,5515.185924
18.296913,526,5529.028399
16.064705,533,5543.245257
18.685577,497,5556.454159
17.097656,500,5569.637767
17.959128,543,5583.866
17.450376,508,5597.173687
17.692099,510,5610.222171
18.026764,478,5622.57988
17.596169,482,5635.072673
15.457403,692,5654.128859
18.941548,499,5666.966334
19.738452,510,5680.061957
17.669218,571,5695.32898
19.090026,754,5714.878989
17.69302,502,5728.336374
18.478356,560,5743.022831
5.740919,225,5748.666259
18.718798,508,5762.092319
18.994504,558,5776.767181
16.354791,541,5791.073633
18.767098,485,5804.028016
15.632424,524,5818.080827
19.143143,516,5831.91736
19.039224,520,5845.808157
17.929183,499,5859.122787
18.838188,524,5873.084171
18.53636,545,5887.864158
17.661885,494,5901.05316
16.891976,478,5913.911729
19.394722,479,5926.866284
17.896207,505,5940.266988
16.680992,546,5954.664087
5.379926,257,5961.045588
19.113392,606,5976.912231
18.39591,499,5990.330468
17.50254,495,6003.532732
15.166431,604,6019.362591
17.256161,523,6033.291924
18.885778,490,6046.406073
18.638105,504,6059.833288
17.966497,503,6073.223358
18.977507,481,6086.073931
18.534632,457,6098.416655
17.764586,561,6113.158929
16.897432,553,6127.862128
17.476266,521,6141.934392
18.288231,491,6155.008352
18.495785,533,6169.068995
15.14227,513,6182.691599
16.168404,782,6202.2218
18.793102,612,6217.958122
18.848683,670,6235.748572
18.927779,536,6249.842717
20.88263,492,6262.372761
17.484475,574,6277.716567
19.684365,461,6289.664748
18.206412,493,6302.870332
20.885686,508,6316.370393
14.776337,512,6330.047447
15.932048,501,6343.366608
20.536316,525,6357.230021
19.841598,509,6370.976415
18.784991,509,6384.518504
18.929075,512,6398.049106
18.067049,485,6411.19327
20.621688,461,6423.639589
19.622139,493,6436.737509
17.629871,493,6449.479385
18.696335,496,6462.247045
17.499532,540,6476.72108
18.086138,459,6488.710922
18.221132,515,6502.480146
19.00281,560,6517.162612
19.678742,548,6531.595291
18.55232,514,6545.249867
20.1279,521,6559.032046
20.047133,513,6572.614965
20.255638,482,6585.533418
19.509435,504,6598.883929
18.981827,612,6614.811259
18.633958,565,6629.518878
16.280195,564,6644.336762
18.498612,510,6658.0153
17.647249,520,6671.810302
18.921766,521,6685.559475
18.095207,489,6698.694057
18.537918,527,6712.551114
18.9106,518,6726.272431
15.052547,566,6741.147731
18.526114,516,6754.912376
18.495753,512,6768.588601
20.679643,499,6781.758407
20.154217,564,6796.580232
18.912826,512,6810.170787
19.773701,527,6823.968979
18.185573,545,6838.263445
19.691048,539,6852.451885
19.090608,526,6866.406732
18.95362,554,6880.872958
19.509013,582,6896.172615
19.059869,503,6909.46907
18.663106,501,6922.698113
18.114429,512,6936.338767
18.049231,534,6950.489561
19.465035,516,6964.212309
20.099754,503,6977.675944
19.072842,536,6991.886398
19.226578,569,7006.845698
17.825612,555,7021.598358
21.382728,513,7035.256838
17.492276,595,7050.834594
19.956779,501,7064.540135
19.877695,521,7078.474923
18.312216,484,7091.516694
17.286892,597,7107.382313
19.256478,502,7120.850059
19.661923,525,7134.865281
18.525581,526,7149.024028
19.162949,674,7166.41352
19.864765,537,7180.673441
18.833437,515,7194.617044
21.138225,500,7207.969496
20.140862,501,7221.288625
19.909022,501,7234.492775
21.188309,504,7248.034197
19.24712,525,7261.960814
18.449445,538,7276.173254
19.797283,512,7289.561756
19.512291,523,7303.330658
18.29759,501,7316.645427
17.46428,545,7331.180894
19.779581,524,7344.856725
18.772929,551,7359.456877
18.827019,582,7375.343029
19.1808,618,7391.767068
20.287,505,7405.215282
17.957632,504,7417.988695
20.090429,501,7430.968735
20.289338,517,7444.449605
19.483102,513,7457.808406
18.724096,535,7471.825523
20.33346,497,7485.174183
20.318087,519,7498.966779
19.887917,550,7513.305135
19.448375,491,7526.5292
20.711634,497,7539.950082
19.704266,494,7553.130822
20.98657,490,7566.378236
18.661848,510,7580.124369
20.048798,468,7592.816302
20.446139,543,7607.173983
20.644178,528,7621.206363
20.790349,500,7634.678164
20.961849,637,7651.36565
19.285773,501,7664.925313
18.530956,509,7678.583135
16.331627,505,7692.059927
17.315234,500,7705.621171
18.900085,684,7723.082251
18.426813,595,7738.638734
20.491742,539,7752.847752
20.867581,498,7766.311871
20.29204,494,7779.390671
20.120651,533,7793.437548
19.797596,564,7808.232759
18.71666,504,7821.556837
20.361174,493,7834.831642
19.953097,487,7847.819976
19.46565,498,7860.901834
19.862092,527,7874.61375
21.178535,533,7888.72371
20.130708,487,7901.204939
21.388353,523,7915.010487
5.729714,188,7921.155602
5.800764,169,7925.414927
18.961101,625,7941.68551
20.113914,517,7955.28831
19.734938,501,7968.658707
19.984786,503,7982.19757
19.993562,526,7996.426176
19.258203,529,8010.628021
21.094903,500,8023.91123
21.771102,501,8037.22793
20.775151,554,8051.768855
20.109698,500,8065.193962
20.817671,545,8079.431425
19.51725,630,8095.681374
21.315418,492,8108.741036
20.74061,523,8122.545936
19.739842,506,8135.963801
21.802079,495,8149.141735
21.178989,506,8162.580976
19.937076,535,8176.801048
20.190188,491,8189.964141
19.515841,491,8202.515636
20.019633,491,8215.361657
20.963936,504,8228.319498
19.711365,536,8242.221278
19.700078,542,8256.591574
19.847271,494,8269.763977
21.13874,503,8283.067784
21.040211,494,8296.273328
21.714242,498,8309.718154
20.925335,495,8322.848374
20.971008,525,8336.728136
19.46563,501,8350.126568
21.128004,484,8363.018253
20.182576,495,8376.225963
19.955386,544,8390.556145
20.964612,504,8403.900519
21.269843,491,8416.493728
19.943054,550,8431.268233
21.384244,508,8444.461224
19.165375,604,8460.829241
20.912436,497,8473.578106
21.384834,489,8486.488616
21.21868,479,8498.805782
19.776087,715,8518.605552
18.701886,454,8530.531475
20.581087,531,8544.668912
20.881801,490,8557.275752
20.152015,498,8570.401074
20.990799,474,8583.281075
20.338655,502,8596.713259
21.436709,499,8610.079487
20.897436,464,8622.559146
21.448809,488,8635.63397
19.580848,476,8648.267395
18.593687,484,8661.043586
19.856061,495,8674.1268
20.069845,597,8689.595265
19.810745,602,8705.109889
20.891943,479,8717.796974
20.716884,470,8729.963706
20.705483,470,8741.965938
21.121466,498,8755.03616
18.676589,489,8767.927689
20.601344,529,8781.73479
21.583176,477,8794.454075
21.168842,473,8807.044531
20.756166,480,8819.967164
20.952906,537,8834.046681
21.820662,467,8846.602888
19.960948,452,8858.550943
19.037778,503,8871.534302
19.875465,494,8884.136902
21.842857,500,8897.061933
19.624028,489,8910.098594
19.28533,503,8923.606565
20.595583,476,8936.464317
19.530326,490,8949.413181
20.468369,482,8962.206593
19.826412,494,8975.311855
19.925402,472,8987.811799
20.21651,529,9001.660697
19.491909,446,9012.604807
19.415671,484,9024.976758
20.407845,469,9037.528369
20.260354,481,9050.340815
20.43811,475,9062.961842
21.053344,514,9076.420843
20.905457,484,9089.255112
20.597558,463,9101.612764
19.489862,471,9113.651461
19.592704,478,9125.659825
20.726367,490,9138.449045
20.175293,457,9150.646235
19.698382,478,9163.402999
20.023605,475,9176.085964
19.339821,497,9189.178261
19.492663,469,9201.76255
20.354163,526,9215.612993
19.94344,468,9227.521556
21.194077,489,9240.272878
19.090523,471,9252.518926
18.036519,478,9265.224153
19.486525,474,9277.828264
21.099545,499,9291.049064
20.526018,493,9304.086328
20.309928,475,9316.68467
19.633048,474,9329.322573
18.806838,481,9341.562061
20.458643,534,9355.493845
21.276339,500,9368.394628
19.527333,466,9380.540514
19.168798,479,9393.293334
19.158401,526,9407.170028
19.266549,463,9419.718068
18.340033,471,9432.308541
19.037575,460,9444.653087
18.426238,490,9457.567504
19.097855,464,9469.476805
19.495833,495,9482.488861
19.405036,484,9495.147655
20.001826,491,9508.327267
20.141292,458,9520.666082
20.657899,463,9533.076019
19.039727,468,9545.777064
20.197256,498,9559.051702
19.871397,468,9571.6248
20.183668,511,9585.04699
19.31408,564,9600.003706
18.475074,476,9611.840067
19.612866,467,9624.0381
20.115257,470,9636.705142
19.371308,491,9649.688411
18.675632,482,9662.569135
19.221019,517,9676.105083
21.448248,652,9692.753717
20.638281,505,9706.061874
18.999838,472,9718.695712
20.346639,490,9731.592906
19.719574,536,9745.757393
19.492255,473,9758.323951
21.470818,503,9771.73102
20.734969,477,9784.162551
20.733675,501,9796.92096
20.056634,486,9809.315791
19.813893,474,9821.842439
17.41661,505,9835.208848
20.254058,501,9848.411923
21.383587,658,9865.459231
20.003155,558,9879.907299
19.857476,585,9895.577155
20.236805,466,9907.770537
19.205871,468,9920.236804
20.201136,475,9932.811369
19.665338,482,9945.66806
20.165516,514,9959.419985
20.156675,467,9971.790786
21.764316,466,9984.14097
19.67303,468,9995.767825
19.908307,481,10008.068466
19.413404,465,10020.671014
19.840429,468,10033.167664
20.305495,467,10045.592238
19.569153,466,10058.029414
19.73281,477,10070.716161
19.780495,464,10082.919796
20.216006,477,10094.997955
20.366835,521,10108.540482
19.81417,460,10120.653805
20.800462,462,10132.967257
19.760935,547,10147.387671
21.084029,485,10160.200109
19.052479,480,10173.05874
19.370927,532,10186.921715
20.129747,492,10200.123279
18.127344,538,10214.200321
19.755463,470,10226.67426
20.108751,465,10238.468501
20.222956,457,10250.131296
20.116096,514,10263.800191
20.419253,492,10276.751892
20.409873,491,10289.744128
18.717458,610,10305.547953
19.549831,515,10319.192594
17.96832,573,10333.912379
18.751021,506,10347.401753
20.5681,489,10360.364292
19.919811,474,10372.874271
20.293605,493,10385.985268
20.091581,479,10398.888379
19.742849,466,10411.443169
20.589051,467,10423.285499
21.114394,564,10438.181503
21.103533,483,10450.247223
19.101166,482,10462.66177
20.029276,524,10476.610242
20.778011,473,10489.362095
18.199178,519,10503.098206
20.733815,484,10515.855149
20.83417,494,10529.05746
19.434178,462,10541.439545
19.932586,471,10554.059865
18.9574,502,10567.408885
18.47568,483,10579.780889
21.178215,494,10592.420638
22.358505,464,10604.401489
16.528485,501,10617.563656
19.645197,491,10630.542547
20.528886,686,10648.185499
18.595639,499,10661.298567
18.744438,536,10675.575273
18.513968,522,10689.303421
19.080565,464,10701.68446
19.068717,452,10713.840817
18.510505,469,10726.305712
17.837049,508,10739.989564
19.874952,532,10753.871737
19.873696,479,10766.512595
17.938623,466,10778.484624
18.827413,471,10790.515325
17.864835,536,10804.702558
20.035557,466,10816.845008
17.350148,454,10828.943784
19.570263,450,10841.01291
19.633655,467,10853.347136
18.931027,484,10866.267661
19.883372,464,10878.365761
19.188067,493,10890.972357
19.666558,478,10902.958569
19.783989,472,10915.478402
19.476233,495,10928.538789
18.722293,460,10940.772728
19.116636,473,10953.373033
18.806391,452,10965.408213
17.895696,495,10978.477937
18.523289,478,10990.635593
19.66177,505,11003.650873
17.537186,473,11015.959553
20.458245,463,11028.270259
19.133375,463,11040.874366
20.025101,464,11053.528244
19.831743,479,11066.463874
21.019747,480,11079.510102
20.947758,487,11092.562817
20.8238,480,11105.301181
20.859042,480,11117.608281
19.464502,459,11129.706253
15.110638,567,11144.423012
20.290888,474,11157.11682
17.736995,491,11170.185196
20.500057,470,11182.719614
20.184953,516,11196.300027
19.931871,623,11212.277515
19.474494,475,11225.003965
20.44594,490,11237.956802
20.020793,484,11250.896248
20.838933,494,11264.04987
20.757359,479,11276.475403
20.725144,459,11288.034407
18.90871,493,11301.078712
20.219188,531,11315.094489
18.785826,490,11328.048141
19.466541,465,11340.465181
20.729088,481,11353.308251
21.050858,583,11368.439903
20.686608,508,11381.864723
17.418322,515,11395.561731
20.262664,509,11409.357965
20.703506,505,11422.636012
19.501395,490,11435.688478
20.072712,480,11448.497293
20.331834,497,11461.301145
20.519651,486,11473.581948
17.141241,552,11488.260996
20.973008,481,11500.752471
21.092103,472,11513.354742
20.393493,468,11526.034616
20.935995,531,11539.907838
20.58529,513,11553.452143
19.641217,505,11566.920387
19.653594,619,11583.097505
19.755583,513,11596.828732
18.53773,543,11610.972638
20.491207,517,11624.665167
20.373936,532,11638.806782
20.626968,561,11653.513459
20.102137,462,11665.910915
20.959619,504,11679.554368
19.847568,481,11692.613322
18.855608,487,11705.69984
19.352414,480,11718.542902
20.440213,522,11732.047555
20.031012,472,11743.955168
19.321169,515,11757.531053
20.440892,567,11772.528326
20.58123,487,11785.393217
19.980271,484,11798.476621
19.799781,495,11811.814445
19.578731,479,11824.748958
20.464793,492,11838.099681
18.646271,538,11852.234501
15.813671,600,11867.801537
20.140343,486,11880.697993
20.203387,464,11893.163421
19.873093,472,11905.937736
19.510274,478,11918.725597
21.053931,454,11929.946629
19.435508,478,11942.408038
21.142698,464,11954.92306
18.906356,510,11968.480796
19.63629,461,11980.826731
20.962467,463,11993.238964
20.784739,465,12005.803922
21.381391,578,12020.907183
20.12529,504,12034.380673
20.385036,497,12047.451179
19.469595,532,12061.603095
19.604956,507,12074.57539
19.941667,470,12086.34804
20.905808,468,12098.597779
20.575706,470,12111.262341
20.125365,473,12124.083805
21.649578,546,12138.34549
21.362018,466,12150.853978
19.472671,497,12164.089012
20.682464,488,12177.191506
19.599863,527,12191.037946
20.356987,467,12203.487111
20.34518,509,12216.811588
21.203411,504,12229.925136
18.361897,472,12242.159843
18.163647,502,12255.514631
19.519585,518,12269.405522
20.025132,466,12281.965315
23.000584,535,12295.945994
21.928182,507,12309.682175
20.486113,470,12322.356697
20.396168,535,12336.450396
21.398302,645,12353.112589
20.813676,518,12367.013388
21.226842,481,12379.832517
22.331044,494,12392.913562
21.503296,495,12406.157809
20.830534,500,12419.508753
20.807237,524,12433.333248
19.12747,477,12446.076617
20.620193,502,12458.974469
21.314892,494,12472.045835
18.173224,515,12485.470709
21.311736,502,12498.64415
18.946945,526,12512.630244
19.900676,467,12525.020146
21.699402,480,12537.719002
18.523768,486,12550.793441
20.001188,471,12563.265201
20.788195,486,12576.243391
19.974865,507,12589.669611
19.234787,510,12603.104777
18.669039,489,12615.966838
17.705097,592,12631.303264
18.499372,500,12644.680238
22.377385,476,12656.937243
20.72459,501,12669.859156
21.682455,500,12682.710255
20.115158,481,12696.391009
21.224579,495,12709.372207
20.655152,507,12722.891014
21.663513,484,12735.899832
21.570869,477,12748.792694
19.152918,511,12762.321199
18.030703,500,12775.703699
19.473039,493,12788.837174
17.981377,576,12803.77403
20.812787,475,12816.500699
19.126266,497,12829.891717
16.651619,493,12842.629583
19.023871,523,12856.221613
18.275022,479,12868.21638
22.009723,479,12880.796861
20.472185,486,12893.758909
19.750766,473,12906.703976
19.25353,497,12919.967253
20.959175,478,12932.868228
20.034968,476,12945.744946
21.723508,483,12958.999383
21.145699,486,12972.235509
20.515396,534,12986.84982
16.521572,638,13003.619372
20.218287,502,13017.019456
18.464508,530,13031.33144
21.500964,469,13044.026251
20.687271,499,13057.248609
19.828724,461,13068.809819
21.229052,447,13080.617209
21.095949,592,13096.588513
18.694487,458,13108.658615
21.562934,464,13121.159969
20.790277,483,13134.094901
20.056074,590,13149.599792
19.554575,456,13161.884997
20.967758,453,13174.04611
19.743441,481,13186.808601
19.853835,494,13200.170968
20.916907,473,13213.001716
20.534098,468,13224.837454
19.258332,481,13237.298633
20.021554,485,13250.177671
20.17601,495,13263.629577
20.854773,469,13276.711346
20.0896,476,13289.67442
19.775178,485,13302.646436
21.378529,474,13315.396221
18.83527,494,13328.59979
20.133867,476,13341.221397
20.002751,465,13352.974636
20.065064,488,13365.655274
21.159443,471,13378.238429
21.523602,510,13391.949058
20.544579,482,13404.91409
20.30597,499,13418.153193
20.940327,505,13431.505708
21.699691,488,13444.717312
21.352825,478,13457.88231
20.034544,496,13471.279655
21.259499,478,13484.239684
21.161566,485,13496.784447
21.538625,468,13508.800959
19.923263,493,13522.379989
20.959961,480,13535.61375
21.091482,482,13548.650886
21.631822,466,13561.310075
22.379591,478,13574.459411
21.034353,492,13587.87894
21.576894,472,13600.635086
19.983118,482,13613.793951
21.216115,492,13626.915
21.900203,514,13640.922014
21.604703,499,13654.314998
19.092825,480,13666.893811
20.673766,463,13679.322457
18.989744,488,13692.361902
19.933984,478,13705.438775
21.492443,467,13718.111305
21.328959,494,13731.685466
20.577539,483,13744.688475
21.722049,473,13757.506565
20.273946,483,13770.622085
20.570236,487,13783.000937
21.299196,475,13795.364683
19.492669,496,13808.545486
19.953401,472,13821.359884
21.172226,477,13834.183569
21.115909,475,13847.050006
20.995305,474,13859.940599
21.579865,475,13872.730354
20.568064,485,13885.936498
19.272291,489,13899.214878
20.590533,478,13911.59969
20.016447,481,13924.507925
21.148794,471,13937.476559
20.455549,472,13950.501011
21.570117,475,13963.620051
21.668509,465,13976.546888
18.069043,510,13990.437401
22.61567,506,14003.840565
20.298424,492,14016.910837
21.825366,504,14030.323331
21.223982,564,14045.045922
21.666583,478,14057.899201
21.403766,480,14070.648591
19.600479,580,14085.848882
23.845025,485,14098.3968
23.010744,492,14111.084
20.568229,479,14123.374329
21.125049,506,14136.883341
19.946815,503,14150.391034
21.276328,473,14162.981692
22.124297,472,14175.622291
20.699353,484,14188.618775
21.055106,484,14201.551893
21.416678,479,14214.347921
16.247482,496,14227.548095
20.281925,481,14239.916326
20.930452,486,14252.351888
20.151653,474,14264.638854
18.578588,526,14278.608477
20.929191,481,14291.541557
20.378684,495,14304.704778
20.893377,507,14318.081251
19.93434,483,14330.944345
20.097776,464,14343.265233
21.631467,471,14355.98441
22.292301,487,14368.458266
18.929568,493,14381.037877
23.628635,491,14393.763965
21.854811,467,14406.34532
21.67536,498,14419.446798
21.971344,468,14431.914907
22.131877,486,14444.849778
22.849797,469,14457.466784
22.542617,473,14470.078068
21.634945,470,14482.054207
19.849067,478,14494.050582
20.619174,462,14506.449127
22.33402,477,14519.441748
22.935578,502,14532.729901
21.161129,488,14545.766664
21.465326,467,14558.3349
22.20254,481,14571.297346
21.746892,480,14584.194157
21.548453,471,14596.472833
22.200182,481,14609.145379
19.639791,484,14621.884577
21.626555,478,14634.705476
21.42901,518,14648.286635
20.785277,450,14660.6114
21.791196,471,14673.161984
21.157663,477,14685.890193
19.498236,519,14699.531511
21.445001,514,14712.964371
21.437484,480,14725.577634
22.028524,536,14739.451173
21.031344,462,14751.462123
22.971484,515,14764.942958
22.441462,493,14777.969773
22.835158,473,14790.739358
17.067128,479,14803.72734
22.942585,483,14816.944699
21.983943,576,14832.262699
22.952265,479,14845.547985
21.111766,472,14858.448486
22.297101,507,14872.247614
22.68183,471,14885.044038
23.059444,463,14897.419053
21.552172,486,14909.844986
23.026016,478,14921.941226
21.881154,519,14935.270124
21.374844,475,14947.672212
22.318041,475,14960.105559
22.565608,476,14972.554721
21.628724,468,14984.704332
21.849675,475,14997.406548
22.603866,473,15010.096099
21.234339,487,15022.5442
22.217744,478,15034.305915
22.42832,454,15046.23253
22.425846,451,15058.329581
14.617481,602,15073.690531
22.976601,468,15086.030523
21.71725,473,15098.447434
22.662425,503,15111.498127
20.503962,461,15123.581991
23.149434,448,15135.298003
22.360408,472,15147.255154
5.561097,284,15155.052786
21.248291,460,15167.231344
22.640617,473,15179.677127
22.511111,524,15193.202042
21.570899,456,15204.860552
20.700347,467,15216.201932
18.897543,473,15228.584492
21.473798,500,15241.635097
21.92996,470,15253.932205
21.065359,482,15266.674114
19.854806,471,15278.946531
22.628283,514,15292.294867
20.215323,465,15304.506399
22.143668,464,15316.008907
21.474816,440,15327.255976
22.478748,518,15340.60194
22.892156,448,15352.486038
22.886015,468,15364.803689
21.908112,573,15379.573945
21.302251,467,15391.821249
6.052996,241,15397.763611
15.522226,566,15412.359705
20.652075,483,15425.131791
21.840172,468,15439.523777
22.472446,436,15453.065049
22.725672,456,15466.953158
22.191982,461,15480.903836
19.962134,472,15495.157217
21.178461,492,15510.048125
22.389004,458,15524.04384
22.689011,473,15538.431663
21.9407,497,15553.273145
22.488096,495,15568.070601
20.187959,452,15581.705247
16.368658,564,15598.218175
22.223179,601,15615.750506
20.963155,473,15629.555659
22.676834,439,15641.43402
22.240116,475,15653.751333
21.379345,460,15665.05311
21.829143,476,15677.383367
20.794272,475,15689.953344
19.461842,465,15702.161846
22.781247,479,15714.68814
21.501939,471,15727.135346
19.251949,471,15739.655068
20.05267,486,15752.453823
21.116261,474,15764.309499
18.353964,641,15781.500634
21.115966,466,15793.214716
22.090196,493,15805.767122
19.160102,480,15817.992243
19.825635,462,15830.294932
22.823325,464,15842.719902
20.613587,469,15855.21656
21.990322,475,15867.738886
18.614756,496,15880.853674
20.134565,482,15893.693017
16.261918,541,15908.200778
21.335985,467,15920.10376
21.340112,463,15931.972923
21.268153,480,15944.736539
22.351744,484,15957.78978
22.039035,584,15973.053817
21.918251,497,15986.229359
22.694072,464,15998.626607
23.075025,480,16011.397968
22.566486,498,16024.712112
20.889109,481,16037.506135
23.283657,461,16049.764086
22.836954,511,16062.909057
21.81749,509,16076.357433
21.665227,460,16088.064277
17.719258,504,16101.633221
22.811913,485,16114.672526
22.194695,473,16127.329395
22.555861,460,16139.730973
20.7452,473,16152.476738
22.953074,462,16164.872061
22.183047,448,16175.962998
20.74865,474,16188.29575
22.279182,460,16200.661509
22.725172,478,16213.394743
22.64121,475,16226.311287
21.5529,476,16239.175242
22.380865,459,16251.78778
22.519224,459,16264.221556
22.171926,468,16276.175437
20.170157,445,16287.690618
21.146232,493,16300.897214
21.616148,466,16313.623228
22.078216,480,16326.607478
20.741147,464,16339.300313
22.382838,476,16352.255866
21.330878,467,16364.892842
21.431854,457,16377.291686
20.915927,478,16389.737362
21.424808,498,16402.977941
19.466436,465,16415.648761
22.212723,494,16428.95475
21.939712,461,16441.724238
21.057461,520,16455.83401
22.249865,450,16468.134794
22.229612,466,16480.864995
23.523504,495,16494.267557
23.324201,463,16506.902835
20.678744,446,16518.227546
21.275489,460,16530.280964
22.260443,475,16543.108934
23.328322,464,16555.83929
21.352935,474,16568.835062
21.671706,516,16582.710537
17.889836,468,16595.327063
18.301269,490,16608.616694
20.957121,485,16621.782549
6.049013,226,16627.371991
22.082602,475,16640.36857
22.479856,509,16654.075604
21.320818,449,16666.400128
21.470032,466,16679.247356
21.025837,448,16691.296267
21.081364,462,16703.662658
19.980715,490,16716.741678
21.94171,453,16729.098357
21.97753,445,16741.332232
22.382492,463,16753.889457
22.290906,475,16766.774731
21.575368,478,16779.756973
21.829961,465,16791.975803
22.884998,490,16804.861593
21.758532,458,16816.685822
20.063733,469,16829.459434
20.83888,467,16841.982531
19.264725,488,16854.984416
21.865147,487,16868.04799
21.021608,491,16881.305633
21.899744,470,16893.985002
20.934296,463,16906.329555
21.323074,507,16919.62519
20.621612,448,16931.106396
22.201954,474,16944.113967
20.17874,466,16956.672044
21.532574,470,16969.33834
22.341928,470,16982.140319
23.076382,510,16996.135663
22.118557,470,17008.946091
22.105817,455,17021.209425
21.469013,484,17033.686152
22.298493,466,17045.653193
20.93153,473,17058.57496
21.465713,466,17071.195589
22.021003,478,17084.126105
21.74943,465,17096.723931
21.778393,477,17109.724847
20.66593,497,17123.02622
22.415535,472,17135.603935
22.722003,468,17147.468229
22.539379,449,17159.219272
22.266615,472,17172.143617
22.835896,469,17184.714692
21.307718,518,17198.442139
20.727816,487,17211.4291
22.332428,448,17223.70996
22.647239,470,17236.473009
20.690106,485,17249.038048
22.366453,483,17261.364983
21.116623,482,17273.988814
21.541561,478,17286.970049
21.840141,468,17299.780235
22.057202,471,17312.718204
21.480044,473,17325.474156
23.158592,469,17338.234266
19.586881,512,17351.946692
22.38992,470,17364.588686
20.077669,510,17377.853108
21.893664,470,17389.837858
22.407904,485,17402.573304
22.608191,465,17415.06844
20.86215,468,17428.287978
19.572671,488,17442.06796
21.185228,468,17455.095949
19.502451,519,17469.526678
21.561262,468,17482.620395
22.128358,465,17495.547454
22.993589,507,17509.285143
22.480558,470,17522.041337
21.474031,488,17534.874207
22.455969,471,17547.497729
22.188423,468,17560.171632
21.591985,467,17573.041743
21.475416,465,17585.883533
22.737392,470,17598.944885
21.713083,474,17612.13787
20.163169,507,17626.207902
19.659963,506,17639.886348
20.168764,469,17652.818093
21.411419,473,17665.773083
22.440553,471,17677.954849
20.14534,514,17691.900254
20.178188,466,17704.424017
23.028741,468,17717.361134
23.507923,470,17730.151399
21.975694,472,17743.173123
21.78321,467,17756.109696
21.687766,472,17769.091281
22.326049,469,17782.18106
20.698686,485,17795.732741
22.554662,464,17808.183444
22.770084,472,17820.924807
20.862461,468,17833.548722
21.338318,468,17846.534222
21.387949,476,17859.779423
21.881466,460,17872.267624
20.206675,478,17885.317096
21.618536,471,17898.063789
22.063505,472,17910.864752
21.395227,472,17923.289332
22.782965,467,17935.414894
20.40539,500,17948.884199
21.26568,461,17961.468616
21.983088,477,17974.469046
22.319791,450,17986.880508
22.567297,463,17999.698738
21.657739,466,18012.73402
22.154693,464,18025.351427
22.614503,452,18036.829827
21.786525,462,18048.993273
21.56831,470,18061.956029
21.722913,448,18074.378135
21.428886,459,18086.842996
22.430649,457,18099.309226
20.644621,466,18112.105208
22.157188,474,18124.626829
22.021568,474,18137.028929
21.636471,481,18149.88569
22.602891,447,18162.194773
20.564118,456,18174.770486
21.50303,470,18187.595715
22.973165,467,18200.43871
21.5091,474,18213.331812
19.69185,473,18225.874283
21.885396,476,18238.549217
20.947232,468,18250.898395
21.690184,466,18263.643776
19.932837,476,18276.613407
21.510734,474,18289.707167
21.544442,533,18304.079085
21.874807,483,18317.296778
22.768806,455,18329.711169
23.225804,478,18342.763196
22.019033,452,18354.532557
23.133993,492,18367.502051
21.918154,500,18380.727686
22.307091,468,18393.296001
22.067309,486,18406.430364
22.380788,466,18419.277786
22.207917,463,18431.988179
22.285813,464,18444.686948
22.308352,459,18457.343294
21.88973,465,18469.49266
21.706611,455,18481.332027
21.557729,466,18493.955898
22.958271,461,18506.599659
21.097125,469,18519.443089
21.894016,464,18531.947048
22.506955,467,18544.864323
21.376781,460,18557.412523
21.426918,459,18569.283715
21.646162,468,18581.190165
21.675407,467,18593.515601
21.472465,450,18605.740268
21.856681,466,18618.353389
20.536633,487,18631.379367
21.844074,495,18644.492321
22.659918,505,18658.053591
22.414528,549,18672.527556
23.056951,465,18685.044128
21.809695,460,18696.559026
21.408888,463,18708.611784
21.89765,461,18721.164507
21.310672,471,18733.805673
22.621284,456,18746.301051
21.647088,452,18759.143246
21.93291,478,18772.664685
21.39382,461,18785.152118
21.372326,469,18797.722943
23.176943,496,18811.163634
21.086958,461,18823.634261
20.074563,478,18836.807994
21.170115,463,18849.423229
21.02173,468,18862.365864
22.162122,496,18875.826039
21.561548,466,18888.658705
23.338782,497,18902.209178
22.120501,476,18915.177006
4.20272,234,18921.158007
22.840847,471,18934.199047
23.198403,467,18947.153501
23.536969,481,18960.485045
24.107003,471,18974.054619
21.817244,464,18986.880454
19.732256,467,18999.130397
21.872556,459,19011.596631
23.060906,599,19028.496476
22.985833,472,19040.692896
22.55414,472,19053.505543
21.260134,476,19066.67581
22.9892,473,19079.501492
22.838354,496,19092.983109
22.340677,471,19105.839444
21.924519,475,19118.692391
21.565444,463,19131.352476
22.085463,463,19143.038205
22.042982,493,19156.081076
23.303163,475,19169.124043
22.045324,473,19182.112011
21.714291,469,19194.789098
22.440407,473,19207.655149
19.987599,466,19220.328249
21.495963,467,19233.105303
19.989655,472,19245.861717
23.030678,487,19258.582111
22.196922,478,19271.044867
22.737285,486,19283.869006
21.893302,567,19299.098935
22.521534,534,19313.556945
21.765135,467,19326.287431
22.460515,472,19339.164277
23.116195,472,19352.012228
22.718526,480,19365.124919
22.722461,476,19378.174195
23.032469,492,19391.469016
22.055187,467,19404.288529
22.077914,451,19416.218913
23.632846,469,19429.580175
22.625338,489,19443.459917
22.729361,472,19456.590276
23.34378,468,19469.976127
21.903869,509,19484.544848
23.286461,467,19497.743036
19.449584,474,19511.009436
22.075048,464,19524.103071
18.815489,474,19537.235482
22.77592,453,19550.041458
22.515951,485,19563.635811
22.761363,465,19576.427895
22.779988,480,19589.373999
21.206752,472,19601.871286
23.153561,472,19614.739629
22.788857,458,19627.535167
23.737371,591,19643.422782
21.577795,463,19656.212142
21.325092,466,19669.326721
20.998572,464,19682.413502
22.71817,467,19695.573528
22.451122,444,19708.249307
23.42099,581,19724.116177
21.446142,579,19739.601364
21.455694,472,19752.619523
22.52639,469,19765.426386
23.654444,617,19781.535284
22.938328,460,19794.371444
19.521743,519,19808.180313
20.225787,477,19820.876487
21.236274,466,19832.706833
22.625157,465,19845.189008
20.352186,540,19859.614209
23.143008,469,19872.224975
23.212406,508,19886.184659
22.349938,494,19899.347565
20.258829,473,19912.245295
22.501405,462,19924.905183
21.339483,466,19937.613669
22.668575,466,19950.393388
21.237375,474,19962.350264
20.810059,479,19974.656179
21.640768,459,19987.111981
22.330916,471,19999.906282
20.63687,473,20012.612051
20.684128,469,20025.4492
20.883961,477,20038.302351
22.80672,464,20050.864621
20.903085,463,20062.852469
20.422668,472,20074.771786
22.025711,459,20087.152281
21.675071,456,20099.772637
22.610561,469,20112.415387
20.381864,475,20125.283156
19.074668,496,20138.430013
22.360046,468,20151.300151
22.599189,459,20163.382389
20.784223,463,20175.088691
21.947708,519,20188.632304
21.619413,467,20201.181422
22.228162,474,20214.08284
20.49237,480,20226.767362
20.923717,465,20239.419132
20.988904,459,20251.729157
21.858234,466,20264.171785
21.610401,463,20275.894456
23.19672,465,20287.661842
19.648597,474,20300.518237
23.186634,458,20312.770594
22.872588,461,20325.215703
20.951266,505,20338.548019
21.471402,474,20351.164848
23.534241,471,20363.863075
22.386168,472,20375.618697
21.473773,455,20387.264776
22.017006,497,20400.345416
22.038429,469,20413.03374
21.239717,472,20426.881844
22.373129,465,20439.672041
6.559018,402,20451.232385
21.426803,468,20464.261744
22.869498,465,20476.438529
22.244602,465,20488.832437
20.993327,447,20501.113295
21.873104,464,20513.938551
21.28544,462,20526.323745
23.34287,486,20539.402295
23.704656,516,20553.085737
22.387776,481,20566.158658
21.108079,498,20579.599054
22.956959,474,20591.861524
19.922602,556,20607.392518
21.322111,482,20619.792382
20.648324,474,20632.134166
21.681381,511,20645.603714
21.725488,448,20657.983705
22.613566,470,20671.237196
22.066138,469,20684.375252
20.447634,547,20699.616095
21.066229,490,20713.540767
22.473316,505,20727.552326
22.156611,468,20740.198755
20.038242,505,20754.207522
22.480601,473,20766.957232
21.895185,468,20779.694397
22.295284,498,20792.790082
21.832809,566,20807.999876
22.399827,511,20821.758667
22.615322,479,20834.089579
22.795348,465,20846.432784
22.407387,463,20859.033975
21.969263,572,20874.461378
21.297882,467,20887.132097
22.221448,459,20899.688264
22.733683,473,20912.664088
21.552498,523,20926.814561
